Keyword,Monthly Volume,Intent Type,Conversion Likelihood
best AI receptionist vs Ruby,190,Competitive,High
Smith.ai vs NextPhone,140,Competitive,High
Moneypenny alternative,210,Competitive,Very High
AI receptionist vs human,520,Educational/Comparative,Medium
virtual receptionist comparison,440,Comparative,Medium-High
Ruby Receptionist competitor,160,Competitive,High
affordability AI receptionist,380,Comparative,High
best AI receptionist 2025,650,Comparative,High
AI receptionist reviews,480,Educational,Medium
virtual receptionist features comparison,290,Comparative,Medium-High
