Keyword,Monthly Search Volume,Search Difficulty,Commercial Intent,CPC ($),Opportunity Score
best AI receptionist for small business,"2,400",42,Very High,3.50,9.8
AI phone receptionist,"1,900",35,Very High,2.80,9.2
virtual receptionist software,"1,200",38,High,3.10,8.9
AI answering service for businesses,880,36,High,2.40,8.7
24/7 Call Answering service,720,28,High,1.90,8.5
business call answering software,590,31,High,2.10,8.3
AI receptionist cost,480,19,Very High,4.20,9.1
appointment scheduling automation,950,32,High,2.70,8.6
lead qualification software,780,35,Very High,3.80,8.8
call answering system for businesses,420,22,Medium,1.50,7.2
AI receptionist free trial,380,15,Very High,3.60,9.0
missed calls cost business,650,12,High,1.20,8.1
never miss a call solution,510,18,High,1.80,8.0
phone call forwarding automation,340,14,Medium,1.40,6.8
customer service automation software,"2,100",41,High,2.50,7.9
AI receptionist with human backup,290,24,Very High,3.20,8.2
affordable AI receptionist,390,17,Very High,2.30,7.8
small business phone system AI,280,26,High,2.60,7.5
AI customer service platform,"1,680",39,High,3.40,8.1
real-time call routing AI,190,21,Medium,1.70,7.0
